{
  "project_info": {
    "project_number": "520708978292",
    "firebase_url": "https://covid-services.firebaseio.com",
    "project_id": "covid-services",
    "storage_bucket": "covid-services.appspot.com"
  },
  "client": [
    {
      "client_info": {
        "mobilesdk_app_id": "1:520708978292:android:1297b7bffda70ed5498321",
        "android_client_info": {
          "package_name": "com.example.project53"
        }
      },
      "oauth_client": [
        {
          "client_id": "520708978292-ug0oreqidlef8hpo8bof0meu1enqbaj9.apps.googleusercontent.com",
          "client_type": 3
        }
      ],
      "api_key": [
        {
          "current_key": "AIzaSyByaBb5GYYIoBo7lk1odivoK-q-ZfclmIQ"
        }
      ],
      "services": {
        "appinvite_service": {
          "other_platform_oauth_client": [
            {
              "client_id": "520708978292-ug0oreqidlef8hpo8bof0meu1enqbaj9.apps.googleusercontent.com",
              "client_type": 3
            }
          ]
        }
      }
    }
  ],
  "configuration_version": "1"
}